segment_size,overlap,time_seconds,peak_python_memory_mb,peak_rss_mb,val_loss,val_acc,val_precision,val_recall,val_f1,seed
64,32,71.34499943699969,10.801973025004068,1420.859375,0.015013289295878468,0.9985091145833334,0.9977375980215517,0.9215328675057007,0.9580227176423874,
32,8,85.61389720999917,7.028343836466472,1386.2486979166667,0.005598190040329497,0.9991995673336939,0.9993293091700696,0.8803238403530473,0.9360101424470303,
32,0,52.01199759833253,26.728163719177246,1386.58984375,0.007243200322069848,0.9992122395833333,0.9650697803454785,0.8944014030765594,0.9282556268683769,
64,0,27.97828473633126,5.265705108642578,1420.21484375,0.08849228560924531,0.9974479166666667,0.9999999999481982,0.8545666758379097,0.9212421202470841,
64,16,43.25798530700073,7.237003326416016,1420.859375,0.03818879640792027,0.9965426997245178,0.9999999999726104,0.8139597043032437,0.8957342404922343,
32,16,171.31809242566428,12.587823232014975,1388.8151041666667,0.006525164241455363,0.9987646484375,0.9933237231583812,0.8054504186124761,0.8862631167054463,
96,24,41.33319121933406,8.610514640808105,1436.2109375,0.20962364333514816,0.9878814814814815,0.9999999999595248,0.6517624840977877,0.7833179687468466,
64,48,250.123536703332,36.85334777832031,1426.1328125,0.022825248375762993,0.9934130859375001,0.9999999999948058,0.6407425904109146,0.7510084248896288,
96,0,28.912935292333714,7.576260566711426,1436.2109375,0.759330988840377,0.6873278236914601,0.6737465967160174,0.7836700336342561,0.5533521594335468,
96,48,68.82619531533176,13.263667742411295,1436.40234375,0.09450214244774223,0.9749862258953167,0.9999999999055461,0.326578033955181,0.4360490886297181,
96,72,223.0746476990001,38.36918290456136,1443.5833333333333,0.10965994265693117,0.9720858121507122,0.9999999998006631,0.1427710754913751,0.2119976437406529,
32,24,663.2484183483344,43.45386918385824,1478.0638020833333,0.05576658658945235,0.9933610026041667,0.6666666662867996,0.002661977518162304,0.005300627933208017,
